67714982565 ,"نيوترام طعام قطط للحفاظ على صحة الجلد 1,8كج",0
67714982671 ,"نيوترام طعام كلاب خالي من الحبوب بالسمك 2,72كج",0
4002064400259 ,وجبة خفيفة مقرمشة للقطط للعناية بالاسنان,-2
4002064401423 ,جمبورن مالتي فيتامين 50 غرام,0
4002064402109 ,فيتامين التيورين للقطط 50 غرام,-20
4002064406787 ,فيتامين للقطط الصغيرة 50 غرام,0
4002064409139 ,مكمل غذائي للقطط على شكل حبوب مع البيوتين,0
4002064409436 ,مكافآت للقطط بنكهة الجبن,19
4002064412948 ,جمبورن اكل قطط دجاج 70 غرام,-1
4002064413099 ,طعام رطب للقطط بالتونة والروبيان,21
4002064413105 ,طعام رطب للقطط بكهة الدجاج والتونا,-3
4002064413129 ,غذاء طبيعي رطب للقطط دجاج مع الجمبري,0
P518,PET PROTECTION SHIELD (6)-P518,6
V010,MICRO CHIP -V010,17
4002064413129 ,غذاء طبيعي رطب للقطط دجاج مع الجمبري,17
67714982350 ,طعام للكلاب للعناية بصحة الجلد والشعر 2.72 كغ,0
4002064413150 ,طعام رطب للقطط الصغيرة بالتونة,0
4002064413150 ,طعام رطب للقطط الصغيرة بالتونة,-2
4002064413242 ,غذاء طبيعي رطب للقطط بالتونة والاعشاب,-9
4002064414157 ,غذاء تكميلي رطب للقطط,0
4002064414164 ,طعام رطب للقطط مع لحم العجل,5
4002064414171 ,غذاء تكميلي رطب للقطط بنكهة الكبدة,10
4002064417127 ,معجون مضاد لتكون كرات الشعر عند القطط 200 غرام,0
4002064417370 ,مكمل غذائي للقطط لتقليل امراض المسالك البولية,0
4002064418575 ,حلويات للقطط مقرمشة مع فيتامين لكرات الشعر 40 غرام,0
4002064418612 ,مكافآت للقطط بالدجاج والخضار,-14
4002064421032 ,فيتامين للقطط مع التونا 50 غرام,0
4002064421124 ,فيتامين للقطط البالغه 50غرام,0
4002064421124 ,فيتامين للقطط البالغه 50غرام,-10
4002064421223 ,فيتامين قطط,-2
4002064504841 ,سائل تنظيف عيون للحيوانات 50مل,12
4002064504858 ,منظف اذن للحيوانات 50مل,11
4002064514734 ,معجون متعدد الفيتامينات للكلاب 200 غرام,1
4002064514741 ,معجون الجمال للكلاب 200 غرام,3
4002064514901 ,مكمل غذائي للكلاب لزيادة الحيوية والنشاط 200 غرام,3
4008239121509 ,فايتا كرافت حلويات ومكافئات 20 غرام,1
5012428040181 ,بخاخ لتدريب الكلاب,5
5400274984139 ,PETCARE EAR CLEANER 50ML,7
5400274984207 ,منظف عين للحيوانات,14
5037772000094 ,مطهر ومعقم مضاد للبكتيريا 50 مل,14
6287008500068 ,اكل قطط 4 كغ,0
8023222203617 ,رمل كرستال للقطط,2
8023222162587 ,شامبو للحيوانات 300 مل,2
8414580000169 ,مين فور سان طارد حشرات 250 مل,0
8414580000558 ,مين فور سان جاذب تبول 125 مل,0
8414580000862 ,مين فور سان بخاخ للحشرات للقطط (250 مل ),0
8414580004686 ,مين فور سان شامبو حشرات للكلاب300مل,0
8414580008967 ,مين فور سان بودرة طيور,4
M011,PROGESTRONE MEDCIN-M011,426
6970664982964 ,رمل قطط 10 ايتر,5
8015912504401 ,طعام للكلاب 400 غرام مع السمك والبيض,0
8015912503107 ,طعام للكلاب 150 غرام لحم الضان مع الارز,8
8015912504104 ,طعام للكلاب 150 غرام مع قطع من لحم الضان,9
8015912503077 ,طعام للكلاب 150 غرام دجاج مع الارز والجزر,4
8015912504593 ,طعام للكلاب 150 غرام مع لحم الحبش والشعير,8
8015912505651 ,طعام للقطط 85 غرام مع اللحوم البيضاء,6
8015912507419 ,طعام للقطط 85 غرام مع اللحم البقري,26
8015912506115 ,طعام للقطط 85 غرام مع السمان والزيتون,6
8015912509178 ,طعام للقطط 70 غرام مع الدجاج ولحم العجل,14
8015912507426 ,طعام للقطط 85 غرام مع لحم الارانب,38
8015912506108 ,طعام للقطط 85 غرام مع السلمون والروبيان,6
8015912506764 ,طعام للقطط الصغيرة لتقوية دفاعات الجسم 85 غرام,9
8015912506733 ,طعام للقطط 85 غرام,8
8015912505880 ,طعام للقطط الصغيرة مع الدجاج 85 غرام,15
8015912506085 ,طعام للقطط 85 غرام مع لحم الارانب,7
8015912507440 ,طعام للقطط 85 غرام سمك السلمون مع الروبيان,40
8015912507433 ,طعام للقطط 85 غرام مع التونة,9
8015912506092 ,طعام للقطط 85 غرام مع سك التروتة,4
8015912509239 ,طعام للقطط 70 غرام تونا مع الحبش,10
8015912506122 ,طعام للقطط 85 غرام مع لحم العجل والجبنة,3
8015912507402 ,طعام للقطط 85 غرام مع الدجاج,4
8015912505637 ,طعام للقطط 85 غرام مع لحم العجل,9
8005852753045 ,طعام للقطط 300 غرام,0
5400274984702 ,بخاخ لمنع الخدش للقطط,3
5400585050806 ,سائل للعناية بالاسنان واللثة,1
5436789817778 ,بيتليت,14
5906485672303 ,شامبو مضاد للفطريات 250 غرام,1
5906485672587 ,فيتامين للكلاب,0
5906485672594 ,حبوب مكمل غذائي للقطط,6
5906485672600 ,حبوب مكمل غذائي,7
5909997008097 ,عصارة ديدان للكلاب,0
5909997019413 ,مكمل غذائي,48
6287008500075 ,اكل للقطط الصغيرة 1.5 كغ,0
8015912503329 ,طعام للقطط 400 غرام مع السمك والخضار,0
8015912503404 ,طعام للكلاب 400 غرام دجاج مع الحبش والجزر,9
8015912503411 ,طعام للكلاب 400 غرام لحم الضان والارز والجزر,3
8015912504050 ,طعام للكلاب 400 غرام مع الدجاج والشعير,8
8015912506047 ,طعام للقطط 85 غرام مع التونة,39
8015912506078 ,طعام للقطط 85 غرام مع الدجاج,25
8015912507396 ,طعام للقطط 85 غرام مع اللحم البقري,23
8023222050242 ,بودرة للكلاب والقطط 200 غرام,10
8023222162617 ,شامبو للحيوانات 300 مل,0
8414580002989 ,بخاخ للحفاظ على صحة الجلد,0
8414580004693 ,مين فور سان شامبو لمعالجة الفطريات والقشرة 300 مل,0
8005852753014 ,طعام للقطط 300 غرام,5
8005852753083 ,طعام للقطط 300 غرام,1
4002064400716 ,مكافآت للقطط بالتاورين 60غ,0
4002064418421 ,مكافآت لذيذة وممتعة للقطط,0
4002064400747 ,قطع مقرمشة محشوة بنكهة لحم البقر للقطط,2
8711908114004 ,سنال فيتامين للقطط الصغيرة,7
4002064406763 ,مكافآت على شكل حبوب ملونة للقطط,0
V021,مرهم مضاد التهاب 20 غرام,13
2659367267656 ,مقص اظافر للحيوانات,0
4002064418612 ,مكافآت للقطط بالدجاج والخضار,-9
8015912505842 ,طعام للقطط 100 غرام مع الدجاج,31
8015912505859 ,طعام للقطط 100 غرام مع اللحم البقري,19
8015912505866 ,طعام للقطط 100 غرام مع لحم الحبش,31
4002064417080 ,GIMCAT GRASBITS 425G,0
4002064418674 ,GIMCAT CHEEZIES 425G 710PCS,9
6956131000119 ,رمل للقطط 10 ليتر,4
5400274750680 ,رمل للقطط 7 كغ,1
5400274753711 ,رمل للقطط,2
5400585093506 ,رمل للقطط 12 كغ,0
5400274750024 ,رمل لقطط 15 كغ,1
4008239120120 ,وجبة خفيفة لاسماك الزينة,2
4008239120038 ,وجبة خفيفة للاسماك,2
4008239140296 ,رمل للقطط,2
4002064616742 ,بيو كات ميكرو فريش رمل قطط,1
4002064605128 ,حبيبات لازالة روائح فضلات القطط,2
5705358883217 ,فيتامين متعدد لطيور 100 مل,1
1C2011,حمام قطط,1
4002064418629 ,مكافآت للقطط مع السمك ونبات القرع للعناية بالمفاصل والعظام,0
4002064418612 ,مكافآت للقطط بالدجاج والخضار,5
4002064418421 ,مكافآت لذيذة وممتعة للقطط,-1
4002064418667 ,مكمل غذائي مميز للقطط لرفع المناعة 50 غرام,4
4002064418643 ,مكمل غذائي للقطط مميز للعناية بالشعر والجلد 50 غرام,3
4002064418650 ,مكمل غذائي مميز للقطط 50 غرام,1
4002064401362 ,فيتامين الجبن للقطط على شكل معجون 100 غرام,1
D6,تحليل سكر الدم,19
1C2213,صحن رمل للقطط,6
P521-A,PET PROTECTION SHIELD (+4)-P521-A,61
4002064512310 ,اكل كلاب تونا مع الاناناس والتين,1
2659367275019 ,ألعاب طيور,6
2659362465347 ,طوق قطط,3
8711231109111 ,فيتامين للطيور,0
2659367344722 ,ربطة عنق قطة,6
8711231135608 ,بخاخ حشرات للقطط,0
8711231170340 ,معجون فيتامين متعدد للكلاب 100 غرام,0
8711908133104 ,مكافآت للكلاب 250 غرام,0
D5,الفحص الكيميائي للدم,0
K01,SENSPET CDV-K01,0
K01,SENSPET CDV-K01,0
K02,SENSPET TOXO IGG/IGM-K02,0
M002,حبوب مضاد حيوي 20ملغ,209
M015,مرهم عيون,0
V001,RABIES-V001,-10
V002,تطعيمات للكلاب,-88
V004,تطعيم للقطط,-6
V009,علاج فطريات,55
V010,MICRO CHIP -V010,0
V013,رافع مناعة,-42
V014,ابرة مضادة لالتهاب المفاصل والعيون,0
V015,مضاد حيوي,-3
V016,حبوب ديدان,0
V019,اوردير ميل 10 غرام,64
V020,دواء حشرات,44
V020,دواء حشرات,93
4002064512266 ,طعام رطب لكلاب السلالات الصغيرة بطعم السمك والاناناس والتين,-2
2659367431545 ,لعبه قطط,1
2659367823319 ,مقود للتحكم بالحيونات ,2
2659367267786 ,مقود للتحكم بالكلاب,2
2659367267779 ,مقود للتحكم بالحيونات ,2
8009632040202 ,مشط لتسريح الشعر وازالة الشعر الميت,2
2659367824392 ,طوق قطط ابيض,2
2659362464449 ,طوق قطط,15
2659362465736 ,طوق قطط أزرق,3
2659367824446 ,طوق قطط موف,2
2659367824361 ,طوق للقطط احمر,1
2659367714136 ,ربطة عنق قطة,4
4002064413259 ,طعام رطب للقطط بالتونة والروبيان والشعير,9
67714982633 ,نيوترام أكل كلاب بالدجاج والبط 2.72كج,4
67714982800 ,"نيوترام طعام قطط خالي من الحبوب دجاج رومي 1,8كج",0
8711908233002 ,مكافآت للكلاب 250 غرام,0
67714982503 ,"نيوترام طعام قطط للتحكم بالوزن 1,8كج",0
67714982565 ,"نيوترام طعام قطط للحفاظ على صحة الجلد 1,8كج",0
4002064504759 ,شامبو لكلاب الصغيرة 250مل,6
4002064504742 ,شامبو للكلاب ذات الشعر القصير 250 مل,6
73091020622 ,بخاخ حشرات للقطط,0
8023222060876 ,سائل للعناية بالاسنان واللثة للحيوانات 100 مل,2
5400274984245 ,بخاخ للعناية بالاسنان واللثة للحيوانات 175 مل,2
67714982152 ,نيوترام أكل كلاب للسلالات الصغيرة 2.72كج,0
67714982206 ,اكل نيوترم للكللاب البالغه بطعم الغنم 2.72 كغم.,0
67714102024 ,نيوترام طعام للقطط للتحكم بالوزن 156 غرام,17
67714102017 ,نبوترام طعام للقطط 156 غرام,25
67714102031 ,نيوترام طعام للقطط المنزلية 156 غرام,22
2659362465149 ,طوق قطط أزرق,3
8015912502803 ,طعام للقطط 100 غرام سمك مع الخضار,29
4002064417233 ,قيتامين للقطط لنمو الشعر 50 غرام,3
4002064417462 ,فيتامين للقطط,-2
5023861118535 ,طعام للقطط البالغة مع سمك السالمون 1.5 كغ,0
5023861118498 ,طعام للقطط البالغة مع الديك الرومي والتوت البري 1.4 كغ,0
5023861119341 ,طعام للكلاب الحساسة مع لحم الضان والارز 2 كغ,0
5023861119327 ,طعام للكلاب الحساسة مع سمك السالمون والارز 2 كغ,0
5023861119945 ,طعام للكلاب الصغيرة 2 كغ,0
5023861119976 ,طعام للكلاب الحساسة مع الديك الرومي والارز 2 كغ,0
5415245438801 ,سائل لتنظيف القطط 200 مل,2
4002064406268 ,حليب للقطط في علبة قابلة للفتح والاغلاق غني بالكالسيوم,18
67714982848 ,"نيوترام خالي من الحبوب بالسمك 1،8كج",11
67714982411 ,"نيوترام طعام هررة 1,8كج",0
67714982442 ,"نيوترام طعام قطط كبيرة بالعمر 1,8كج",0
8022967049030 ,قفص لحمل القطط,0
4002064401423 ,جمبورن مالتي فيتامين 50 غرام,0
4002064401393 ,مكمل غذائي للقطط يحتوي على الفيتامينات لتقوية دفاعات الجسم,0
4002064401881 ,معجون فيتامينات للقطط 200غ,5
7531824361426 ,كاتسي رمل للقطط 10 كغ لافندر,0
67714982732 ,نيوترام أكل كلاب 2.72كج,1
V022,مضاد ومسكن,2
8015912502834 ,طعام للقطط 100 غرام مع قطع من اللحم البقري,20
8015912505644 ,طعام للقطط 85 غرام مع السلمون والروبيان,9
67714982046 ,نيوترام للجراء 2.72كج,0
67714982534 ,"نيوترام طعام القطط المنزلية 1,8كج",10
4002064409139 ,مكمل غذائي للقطط على شكل حبوب مع البيوتين,1
8031398128542 ,مناديل مغطرة للحيوانات,0
127 ,كشف,-5
139 ,كيتامين,41
4002064406282 ,حليب مجفف للقطط لصحة الامعاء وصحة الجلد,0
V009,علاج فطريات,0
V009,علاج فطريات,50
8023222168091 ,سائل للقطط للعناية بالاسنان واللثة 52 مل,4
8031398000831 ,مناديل معطرة للحيوانات,0
V015,مضاد حيوي,0
V018,قطرة لتنظيف الأذن,99
V020,دواء حشرات,0
4002064408804 ,مكمل غذائي للقطط على شكل حبوب,0
4002064421032 ,فيتامين للقطط مع التونا 50 غرام,4
4002064421025 ,فيتامين للقطط مع الجبنة 50 غرام,0
4008239140319 ,رمل للقطط كرتون 8 كغ,4
4002064401393 ,مكمل غذائي للقطط يحتوي على الفيتامينات لتقوية دفاعات الجسم,2
4002064400686 ,فيتامين للقطط للحفاظ على الصحة والجمال 150 غرام,4
4002064400693 ,جمبورن حلويات ومكافئات للقطط,4
4002064513041 ,طعام للكلاب مع لحم الدجاج الصافي ولحم الغزال 85غرام,24
4002064417240 ,فيتامين للقطط لنمو الشعر مع الجبنة 50 غرام,-1
V013,رافع مناعة,116
V002,تطعيمات للكلاب,0
V004,تطعيم للقطط,-8
67714102000 ,نيوترام طعام للقطط الصغيرة 156 غرام,9
67714102048 ,نيوترام طعام للقطط للعناية بالشعر والجلد 156 غرام,18
67714102062 ,نيوترام طعام للقطط خالي من الحبوب 156 غرام,15
67714982138 ,اكل نيوترم للكلاب بالغ 2.72كغم,4
6928050900066 ,طوق للكلاب,5
6928050900068 ,طوق للكلاب,8
6928050900069 ,طوق للكلاب,9
P705,اطواق واكسسوارات للكلاب والقطط -P705,12
P706,اطواق واكسسوارات للكلاب والقطط -P706,73
P707,اطواق واكسسوارات للكلاب والقطط -P707,2
4002064421025 ,فيتامين للقطط مع الجبنة 50 غرام,8
4008239160799 ,رمل للقطط كرتون 8 كغ,1
2659367825085 ,أداة عناية,56
4008239155559 ,فايتا كرافت منظف بخاخ 150 مل,0
7611212462703 ,LARGE CONTAINER 380G-7611212462703,1
7611212462710 ,SMALL CONTAINER 185G-7611212462710,1
7611212462734 ,PAWCARE 380G-7611212462734,7
7611212462741 ,PAW CARE 185G-7611212462741,3
P523,PET PROTECTION SHIELD (1)-P523,61
P709,اطواق واكسسوارات للكلاب والقطط -P709,26
2659367344210 ,طوق قطط,0
6928050900070 ,طوق للكلاب,1
P521,PET PROTECTION SHIELD (3)-P521,7
SWD0031,طوق للتحكم بالحويانات,16
V015,مضاد حيوي,240
5023861118511 ,طعام للقطط البالغة مع الدجاج والبط 1.5 كغ,0
5023861118474 ,طعام للقطط الصغيرة بالدجاج 1.5 كغ,0
4002064401874 ,GIMCAT CHEESE PASTE 200G,9
4002064401065 ,معجون الجبن للقطط,9
4002064407364 ,جمبورن مالتي سوفت اكسترا 50 غرام -4002064407364,0
4002064407517 ,معجون فيتامين لعلاج كرات الشعر عند القطط,2
4002064402109 ,فيتامين التيورين للقطط 50 غرام,20
K02,SENSPET TOXO IGG/IGM-K02,1
4002064417370 ,مكمل غذائي للقطط لتقليل امراض المسالك البولية,15
67714102833 ,T24 Nutram Total Grain-Free Trout & Salmon Meal Cat Food 1.13KG,8
67714102703 ,S1 Nutram Sound Balanced Wellness Kitten Food 1.13KG,8
67714102819 ,T22 Nutram Total Grain-Free Chicken & Turkey Cat Food 1.13KG,6
67714102765 ,I17 Nutram Ideal Solution Support Indoor Cat Food 5.4KG,1
67714102826 ,T22 Nutram Total Grain-Free Chicken & Turkey Cat Food 5.4KG,2
4002064408064 ,مكمل غذائي للقطط على شكل حبوب,0
4002064406282 ,حليب مجفف للقطط لصحة الامعاء وصحة الجلد,2
67714102840 ,T24 Nutram Total Grain-Free Trout & Salmon Meal Cat Food 5.4KG,2
V023,كونفينيا,139
4002064401423 ,جمبورن مالتي فيتامين 50 غرام,3
V020,دواء حشرات,30
V016,حبوب ديدان,464
4002064618128 ,رمل كرستال 7 كغ,2
4002064412948 ,جمبورن اكل قطط دجاج 70 غرام,12
4002064414508 ,طعام رطب للقطط مع الجزر,0
4002064413266 ,غذاء طبيعي رطب للقطط بالدجاج والاعشاب,19
4002064413105 ,طعام رطب للقطط بكهة الدجاج والتونا,12
4002064412887 ,طعام رطب للقطط بنكهة الدجاج,0
4002064414515 ,اكل قطط معلبات دجاج مع التفاح مع فيتامين C لصحة الجسم,3
4002064412979 ,طعام رطب للقطط بنكهة الدجاج مع المانجو,10
4002064413150 ,طعام رطب للقطط الصغيرة بالتونة,22
4002064413143 ,جمبورن اكل قطط صغيرة دجاج 70 غرام,0
4002064413099 ,طعام رطب للقطط بالتونة والروبيان,24
4002064412917 ,طعام رطب للقطط بنكهة التونة مع اليقطين,0
4002064412962 ,طعام رطب للقطط بنكهة الدجاج مع الجمبري,15
V014,ابرة مضادة لالتهاب المفاصل والعيون,17
V004,تطعيم للقطط,391
V001,RABIES-V001,299
139 ,كيتامين,27
M006,ORIDERMYL -M006,18
D5,الفحص الكيميائي للدم,7
2659362465125 ,طوق قطط,9
2659362465132 ,طوق قطط أزرق,8
8023222140288 ,طوق للحيوانات -C5080028,5
4002064413143 ,جمبورن اكل قطط صغيرة دجاج 70 غرام,30
4002064414164 ,طعام رطب للقطط مع لحم العجل,8
4002064414157 ,غذاء تكميلي رطب للقطط,7
V016,حبوب ديدان,-1
4002064413129 ,غذاء طبيعي رطب للقطط دجاج مع الجمبري,24
4002064412900 ,اكل قطط معلبات تونا,3
4002064413273 ,طعام رطب للقطط بنكهة الدجاج والجمبري مع الشعير,17
4002064413112 ,طعام رطب للقطط بنكهة الدجاج,2
8022967049047 ,قفص بلاستك لحمل للقطط,0
4002064617220 ,رمل للقطط 10 كغ كلاسيك,1
4002064406787 ,فيتامين للقطط الصغيرة 50 غرام,16
K01,SENSPET CDV-K01,54
8711231136681 ,فيتامين للحيوانات,9
8711231109111 ,فيتامين للطيور,2