555 ,يود,0
67714102000 ,نيوترام طعام للقطط الصغيرة 156 غرام,31
67714102017 ,نبوترام طعام للقطط 156 غرام,43
67714102031 ,نيوترام طعام للقطط المنزلية 156 غرام,44
67714102048 ,نيوترام طعام للقطط للعناية بالشعر والجلد 156 غرام,17
67714102062 ,نيوترام طعام للقطط خالي من الحبوب 156 غرام,6
67714102147 ,نيوترام طعام للكلاب خالي من الحبوب 369 غرام,0
67714982442 ,"نيوترام طعام قطط كبيرة بالعمر 1,8كج",1
67714982503 ,"نيوترام طعام قطط للتحكم بالوزن 1,8كج",0
67714982503 ,"نيوترام طعام قطط للتحكم بالوزن 1,8كج",2
67714982534 ,"نيوترام طعام القطط المنزلية 1,8كج",0
67714982800 ,"نيوترام طعام قطط خالي من الحبوب دجاج رومي 1,8كج",-1
67714982848 ,"نيوترام خالي من الحبوب بالسمك 1،8كج",0
67714982848 ,"نيوترام خالي من الحبوب بالسمك 1،8كج",1
139 ,كيتامين,2
2659362465019 ,طوق قطط,1
2659362465118 ,طوق قطط,16
2659362465347 ,طوق قطط,4
2659362465729 ,طوق قطط,9
2659367141123 ,طوق قطط,13
2659367141130 ,طوق قطط,9
2659367141147 ,طوق قطط,2
2659367141413 ,طوق قطط,10
2659367242516 ,لعبة فار كبير قطط,5
2659367344210 ,طوق قطط,0
2659367706087 ,لعبه فار قطط,4
2659367714136 ,ربطة عنق قطة,3
2659367718790 ,لعبة الفئران قطط,5
2659367723138 ,طوق قطط ,4
2659367756846 ,مبرد اظافر,9
2659367824361 ,طوق للقطط احمر,16
2659367824385 ,طوق قطط ازرق,10
2659367824453 ,طوق قطط احمر,12
2659367825085 ,أداة عناية,6
4002064208060 ,حجر كالسيوم يحتوي على المعادن للقوارض,17
4002064400709 ,مكافآت قطط لتساقط الشعر 60غ,0
4002064400716 ,مكافآت للقطط بالتاورين 60غ,6
4002064400723 ,مكافآت بسكويت للقطط بحشوة النعناع البري لرفع المناعة,3
4002064400730 ,قطع مقرمشة محشوة بنكهة السلمون للقطط لرفع المناعة,1
4002064401065 ,معجون الجبن للقطط,0
4002064401362 ,فيتامين الجبن للقطط على شكل معجون 100 غرام,0
4002064401393 ,مكمل غذائي للقطط يحتوي على الفيتامينات لتقوية دفاعات الجسم,8
4002064402109 ,فيتامين التيورين للقطط 50 غرام,0
4002064406268 ,حليب للقطط في علبة قابلة للفتح والاغلاق غني بالكالسيوم,7
4002064406282 ,حليب مجفف للقطط لصحة الامعاء وصحة الجلد,0
4002064406756 ,بسكويت للقطط مع الكات نيب,5
4002064406763 ,مكافآت على شكل حبوب ملونة للقطط,0
4002064407005 ,عشب مع عبير المرج الطازج للقطط,2
4002064407289 ,اعشاب خاصة للقطط,11
4002064407296 ,اعشاب للقطط,4
4002064407517 ,معجون فيتامين لعلاج كرات الشعر عند القطط,0
4002064407517 ,معجون فيتامين لعلاج كرات الشعر عند القطط,6
4002064409139 ,مكمل غذائي للقطط على شكل حبوب مع البيوتين,0
4002064409139 ,مكمل غذائي للقطط على شكل حبوب مع البيوتين,0
4002064409436 ,مكافآت للقطط بنكهة الجبن,6
4002064413129 ,غذاء طبيعي رطب للقطط دجاج مع الجمبري,0
4002064413273 ,طعام رطب للقطط بنكهة الدجاج والجمبري مع الشعير,0
4002064414157 ,غذاء تكميلي رطب للقطط,0
4002064414164 ,طعام رطب للقطط مع لحم العجل,0
4002064414171 ,غذاء تكميلي رطب للقطط بنكهة الكبدة,0
4002064414171 ,غذاء تكميلي رطب للقطط بنكهة الكبدة,0
4002064414591 ,طعام قطط مع الدجاج ولحم البقر 70غرام,0
4002064417080 ,GIMCAT GRASBITS 425G,6
4002064417233 ,قيتامين للقطط لنمو الشعر 50 غرام,3
4002064417240 ,فيتامين للقطط لنمو الشعر مع الجبنة 50 غرام,0
4002064417370 ,مكمل غذائي للقطط لتقليل امراض المسالك البولية,3
4002064418285 ,مكافآت للقطط على شكل قطع مقرمشة بحشوة الدجاج اللذيذة,0
4002064418407 ,مكافآت للقطط على شكل قلوب بنكهة الدجاج,3
4002064418421 ,مكافآت لذيذة وممتعة للقطط,-9
4002064418421 ,مكافآت لذيذة وممتعة للقطط,0
4002064418421 ,مكافآت لذيذة وممتعة للقطط,7
4002064418575 ,حلويات للقطط مقرمشة مع فيتامين لكرات الشعر 40 غرام,7
4002064418612 ,مكافآت للقطط بالدجاج والخضار,0
4002064418612 ,مكافآت للقطط بالدجاج والخضار,9
4002064418629 ,مكافآت للقطط مع السمك ونبات القرع للعناية بالمفاصل والعظام,-13
4002064418629 ,مكافآت للقطط مع السمك ونبات القرع للعناية بالمفاصل والعظام,3
4002064418643 ,مكمل غذائي للقطط مميز للعناية بالشعر والجلد 50 غرام,1
4002064418650 ,مكمل غذائي مميز للقطط 50 غرام,0
4002064418667 ,مكمل غذائي مميز للقطط لرفع المناعة 50 غرام,24
4002064418674 ,GIMCAT CHEEZIES 425G 710PCS,3
4002064418711 ,وجبة خفيفة للقطط للعناية بالشعر والجسم 40 غرام,0
4002064420394 ,مكافئة للقطط مع الدجاج,0
4002064421025 ,فيتامين للقطط مع الجبنة 50 غرام,0
4002064421032 ,فيتامين للقطط مع التونا 50 غرام,0
4002064421124 ,فيتامين للقطط البالغه 50غرام,9
4002064421223 ,فيتامين قطط,-5
4002064421223 ,فيتامين قطط,7
4002064430003 ,وجبة خفيفة للكلاب للعناية بالاسنان واللثة 40 غرام,4
4002064430010 ,وجبة خفيفة للكلاب مضادة لتكوين كريات الشعر 40 غرام,8
4002064504711 ,شامبو للكلاب ذات الشعر الابيض 250مل,1
4002064504759 ,شامبو لكلاب الصغيرة 250مل,1
4002064504766 ,شامبو للكلاب 250مل,3
4002064504810 ,عطر للكلاب بعبير فانيلا 50غرام,1
4002064504810 ,عطر للكلاب بعبير فانيلا 50غرام,2
4002064504827 ,عطر للحيوانات 50غرام,0
4002064504834 ,عطر للحيوانات بعبير الزهور والفواكه50غرام,2
4002064504841 ,سائل تنظيف عيون للحيوانات 50مل,10
4002064504858 ,منظف اذن للحيوانات 50مل,9
4002064504858 ,منظف اذن للحيوانات 50مل,12
4002064505305 ,معجون أسنان للكلاب,-1
4002064505305 ,معجون أسنان للكلاب,10
4002064506074 ,رضاعة كلاب,0
4002064514734 ,معجون متعدد الفيتامينات للكلاب 200 غرام,0
4002064514741 ,معجون الجمال للكلاب 200 غرام,0
4002064514901 ,مكمل غذائي للكلاب لزيادة الحيوية والنشاط 200 غرام,0
4008239130167 ,فايتا كرافت شامبو 250 مل,3
4008239130198 ,فايتا كرافت شامبو - 250 مل,2
4008239130259 ,فايتا كرافت شامبو - 250 مل,4
4008239235206 ,فايتا كرافت مكافئات وحلويات للقطط,1
4008239235213 ,وجبة سائلة للقطط بنكهة اللحم,2
4820012500772 ,تريديرم دروبس + اوفتالمو جيل,8
4897030554261 ,اقراص للعنايةبالاسنان واللثة للكلاب,1
4897030554308 ,فلتر لتنقية المياه,2
5023861118535 ,طعام للقطط البالغة مع سمك السالمون 1.5 كغ,0
5037772000094 ,مطهر ومعقم مضاد للبكتيريا 50 مل,0
5909997008097 ,عصارة ديدان للكلاب,0
7611212462703 ,LARGE CONTAINER 380G-7611212462703,3
7611212462710 ,SMALL CONTAINER 185G-7611212462710,2
7611212462741 ,PAW CARE 185G-7611212462741,8
8009632008615 ,كاتم فم للكلاب,2
8009632008622 ,ماسك,3
8009632008639 ,كاتم فم للكلاب,1
8009632008646 ,كاتم فم كلاب,2
8009632008653 ,كاتم فم كلاب,3
8009632008684 ,كاتم فم للكلاب,5
8015912503190 ,طعام للكلاب 1250 غرام مع اللحم البقري,0
8015912503206 ,طعام للكلاب 1250 غرام دجاج مع الحبش,0
8015912503213 ,طعام للكلاب 1250 غرام لحم الضان مع الارز,0
8015912503237 ,طعام للكلاب 400 غرام مع اللحم البقري,0
8015912503251 ,طعام للكلاب 400 غرام مع لحم الضان والارز,-1
8015912503381 ,طعام للقطط 200 غرام مع السمك والبيض والارز,-1
8015912503398 ,طعام للقطط الصغيرة 200 غرام,2
8015912503411 ,طعام للكلاب 400 غرام لحم الضان والارز والجزر,0
8015912504074 ,طعام للكلاب 400 غرام مع الحبش والشعير,0
8015912504319 ,طعام للكلاب 400 غرام مع اللحم البقري,0
8015912504432 ,طعام للكلاب 400 غرام مع لحم الضان والبطاطس,0
8015912504449 ,طعام للكلاب 400 غرام مع قطع من لحم الارانب,0
8015912504678 ,طعام للقطط 200 غرام مع سمك التونا,0
8015912505743 ,طعام للكلاب 400 غرام مع الدجاج,0
8015912505750 ,طعام للكلاب 400 غرام مع اللحم البقري,0
8015912505767 ,طعام للكلاب 400 غرام مع لحم الحبش,0
8015912506085 ,طعام للقطط 85 غرام مع لحم الارانب,0
8015912506733 ,طعام للقطط 85 غرام,-2
8015912508041 ,طعام للقطط 400 غرام,0
8015912509031 ,طعام للقطط برغر اللحم البقري 50 غرام *3,4
8015912509055 ,برغر اللحم للقطط,0
8023222124905 ,طوق للحيوانات,38
8414580000169 ,مين فور سان طارد حشرات 250 مل,0
8414580000855 ,طارد حشرات للكلاب 1ليتر -8414580000855,0
8414580000862 ,مين فور سان بخاخ للحشرات للقطط (250 مل ),2
8711231136841 ,فيتامين للطيور,0
8852084172867 ,حلويات سائلة للقطط,1
K01,SENSPET CDV-K01,0
K01,SENSPET CDV-K01,13
K01,SENSPET CDV-K01,0
K01,SENSPET CDV-K01,20
K01,SENSPET CDV-K01,10
K01,SENSPET CDV-K01,40
K01,SENSPET CDV-K01,10
K02,SENSPET TOXO IGG/IGM-K02,0
M002,حبوب مضاد حيوي 20ملغ,2
M002,حبوب مضاد حيوي 20ملغ,1
M011,PROGESTRONE MEDCIN-M011,0
8852084173253 ,KITKAT LIQUID SNACK CAT,1
M011,PROGESTRONE MEDCIN-M011,2
M015,مرهم عيون,-1
P518,PET PROTECTION SHIELD (6)-P518,19
P521,PET PROTECTION SHIELD (3)-P521,4
P522,PET PROTECTION SHIELD (2)-P522,0
P523,PET PROTECTION SHIELD (1)-P523,9
P706,اطواق واكسسوارات للكلاب والقطط -P706,2
P708,اطواق واكسسوارات للكلاب والقطط -P708,2
P709,اطواق واكسسوارات للكلاب والقطط -P709,7
V001,RABIES-V001,0
V001,RABIES-V001,0
V002,تطعيمات للكلاب,0
V004,تطعيم للقطط,0
V004,تطعيم للقطط,0
V009,علاج فطريات,0
V009,علاج فطريات,-1
V009,علاج فطريات,0
V013,رافع مناعة,0
V016,حبوب ديدان,0
V016,حبوب ديدان,-1
V019,اوردير ميل 10 غرام,0
V019,اوردير ميل 10 غرام,0
V020,دواء حشرات,0
V020,دواء حشرات,0
V020,دواء حشرات,0
V020,دواء حشرات,-1
V004,تطعيم للقطط,107
5906485673386 ,شامبو مضاد للفطريات,0
V016,حبوب ديدان,15
5436789817778 ,بيتليت,7
4002064408804 ,مكمل غذائي للقطط على شكل حبوب,0
2659367991520 ,رول تنظيف للملابس,0
4002064408064 ,مكمل غذائي للقطط على شكل حبوب,0
67714102703 ,S1 Nutram Sound Balanced Wellness Kitten Food 1.13KG,5
67714102819 ,T22 Nutram Total Grain-Free Chicken & Turkey Cat Food 1.13KG,3
67714102758 ,I17 Nutram Ideal Solution Support Indoor Cat Food 1.13KG,8
67714102833 ,T24 Nutram Total Grain-Free Trout & Salmon Meal Cat Food 1.13KG,7
5400274984245 ,بخاخ للعناية بالاسنان واللثة للحيوانات 175 مل,0
5400274984702 ,بخاخ لمنع الخدش للقطط,0
8023222050242 ,بودرة للكلاب والقطط 200 غرام,0
8711231103324 ,شامبو للقطط 250 مل,1
4002064401874 ,GIMCAT CHEESE PASTE 200G,0
4002064417127 ,معجون مضاد لتكون كرات الشعر عند القطط 200 غرام,0
8594004853226 ,بخاخ مضاد للحشرات,158
4002064412979 ,طعام رطب للقطط بنكهة الدجاج مع المانجو,6
4002064413273 ,طعام رطب للقطط بنكهة الدجاج والجمبري مع الشعير,0
4002064413105 ,طعام رطب للقطط بكهة الدجاج والتونا,0
4002064412887 ,طعام رطب للقطط بنكهة الدجاج,0
4002064413150 ,طعام رطب للقطط الصغيرة بالتونة,0
4002064413099 ,طعام رطب للقطط بالتونة والروبيان,4
4002064402109 ,فيتامين التيورين للقطط 50 غرام,8
8711231109111 ,فيتامين للطيور,0
5023861119945 ,طعام للكلاب الصغيرة 2 كغ,0
V015,مضاد حيوي,1
V020,دواء حشرات,30
V009,علاج فطريات,85
5906485672600 ,حبوب مكمل غذائي,111
V001,RABIES-V001,192
M001,حبوب مضاد حيوي 5ملغ,114
67714982411 ,"نيوترام طعام هررة 1,8كج",11
4002064417080 ,GIMCAT GRASBITS 425G,2
4002064409139 ,مكمل غذائي للقطط على شكل حبوب مع البيوتين,0
856211005118 ,معطر للقطط والكلاب 120 مل,3
856211005101 ,معطر للقطط والكلاب 120 مل,4
856211005071 ,شامبو جاف للقطط والكلاب 150مل,4
856211005057 ,شامبو جاف للقطط والكلاب 150 مل,5
50000427246 ,فريسكاس طعام للقطط 368 غرام,0
4002064407364 ,جمبورن مالتي سوفت اكسترا 50 غرام -4002064407364,6
4002064417127 ,معجون مضاد لتكون كرات الشعر عند القطط 200 غرام,1
4002064401423 ,جمبورن مالتي فيتامين 50 غرام,-9
V002,تطعيمات للكلاب,68
5906485672587 ,فيتامين للكلاب,17
5906485672594 ,حبوب مكمل غذائي للقطط,12
4002064409146 ,مكمل غذائي للقطط على شكل حبوب مع السمك والبوتين,0
V010,MICRO CHIP -V010,169
V021,مرهم مضاد التهاب 20 غرام,0
V019,اوردير ميل 10 غرام,0
V021,مرهم مضاد التهاب 20 غرام,42
5023861118474 ,طعام للقطط الصغيرة بالدجاج 1.5 كغ,0
4002064412917 ,طعام رطب للقطط بنكهة التونة مع اليقطين,5
4002064409146 ,مكمل غذائي للقطط على شكل حبوب مع السمك والبوتين,0
4002064406787 ,فيتامين للقطط الصغيرة 50 غرام,1
4002064418711 ,وجبة خفيفة للقطط للعناية بالشعر والجسم 40 غرام,13
4002064417646 ,GIMCAT ANTI-HAIRBALL TABS 40G,7